市区町村名,町名,市区町村コード,町域コード
横浜市鶴見区,朝日町,14101 ,1
横浜市鶴見区,安善町,14101 ,2
横浜市鶴見区,市場上町,14101 ,3
横浜市鶴見区,市場下町,14101 ,4
横浜市鶴見区,市場西中町,14101 ,5
横浜市鶴見区,市場東中町,14101 ,6
横浜市鶴見区,市場富士見町,14101 ,7
横浜市鶴見区,市場大和町,14101 ,8
横浜市鶴見区,潮田町,14101 ,9
横浜市鶴見区,江ケ崎町,14101 ,10
横浜市鶴見区,扇島,14101 ,11
横浜市鶴見区,小野町,14101 ,12
横浜市鶴見区,梶山,14101 ,13
横浜市鶴見区,上末吉,14101 ,14
横浜市鶴見区,上の宮,14101 ,15
横浜市鶴見区,寛政町,14101 ,16
横浜市鶴見区,岸谷,14101 ,17
横浜市鶴見区,北寺尾,14101 ,18
横浜市鶴見区,駒岡,14101 ,19
横浜市鶴見区,栄町通,14101 ,20
横浜市鶴見区,汐入町,14101 ,21
横浜市鶴見区,獅子ケ谷,14101 ,22
横浜市鶴見区,下野谷町,14101 ,23
横浜市鶴見区,尻手,14101 ,24
横浜市鶴見区,下末吉,14101 ,25
横浜市鶴見区,末広町,14101 ,26
横浜市鶴見区,菅沢町,14101 ,27
横浜市鶴見区,諏訪坂,14101 ,28
横浜市鶴見区,大黒町,14101 ,29
横浜市鶴見区,大黒ふ頭,14101 ,30
横浜市鶴見区,大東町,14101 ,31
横浜市鶴見区,佃野町,14101 ,32
横浜市鶴見区,鶴見,14101 ,33
横浜市鶴見区,鶴見中央,14101 ,34
横浜市鶴見区,寺谷,14101 ,35
横浜市鶴見区,豊岡町,14101 ,36
横浜市鶴見区,仲通,14101 ,37
横浜市鶴見区,生麦,14101 ,38
横浜市鶴見区,馬場,14101 ,39
横浜市鶴見区,浜町,14101 ,40
横浜市鶴見区,東寺尾,14101 ,41
横浜市鶴見区,東寺尾北台,14101 ,42
横浜市鶴見区,東寺尾中台,14101 ,43
横浜市鶴見区,東寺尾東台,14101 ,44
横浜市鶴見区,平安町,14101 ,45
横浜市鶴見区,弁天町,14101 ,46
横浜市鶴見区,本町通,14101 ,47
横浜市鶴見区,三ツ池公園,14101 ,48
横浜市鶴見区,向井町,14101 ,49
横浜市鶴見区,元宮,14101 ,50
横浜市鶴見区,矢向,14101 ,51
横浜市神奈川区,青木町,14102 ,1
横浜市神奈川区,旭ケ丘,14102 ,2
横浜市神奈川区,出田町,14102 ,3
横浜市神奈川区,泉町,14102 ,4
横浜市神奈川区,入江,14102 ,5
横浜市神奈川区,浦島丘,14102 ,6
横浜市神奈川区,浦島町,14102 ,7
横浜市神奈川区,恵比須町,14102 ,8
横浜市神奈川区,大口通,14102 ,9
横浜市神奈川区,大口仲町,14102 ,10
横浜市神奈川区,大野町,14102 ,11
横浜市神奈川区,片倉,14102 ,12
横浜市神奈川区,神奈川,14102 ,13
横浜市神奈川区,神奈川本町,14102 ,14
横浜市神奈川区,上反町,14102 ,15
横浜市神奈川区,神之木台,14102 ,16
横浜市神奈川区,神之木町,14102 ,17
横浜市神奈川区,亀住町,14102 ,18
横浜市神奈川区,神大寺,14102 ,19
横浜市神奈川区,桐畑,14102 ,20
横浜市神奈川区,金港町,14102 ,21
横浜市神奈川区,栗田谷,14102 ,22
横浜市神奈川区,幸ケ谷,14102 ,23
横浜市神奈川区,子安台,14102 ,24
横浜市神奈川区,子安通,14102 ,25
横浜市神奈川区,斎藤分町,14102 ,26
横浜市神奈川区,栄町,14102 ,27
横浜市神奈川区,沢渡,14102 ,28
横浜市神奈川区,三枚町,14102 ,29
横浜市神奈川区,白幡上町,14102 ,30
横浜市神奈川区,白幡町,14102 ,31
横浜市神奈川区,白幡仲町,14102 ,32
横浜市神奈川区,白幡西町,14102 ,33
横浜市神奈川区,白幡東町,14102 ,34
横浜市神奈川区,白幡南町,14102 ,35
横浜市神奈川区,白幡向町,14102 ,36
横浜市神奈川区,新浦島町,14102 ,37
横浜市神奈川区,新子安,14102 ,38
横浜市神奈川区,新町,14102 ,39
横浜市神奈川区,菅田町,14102 ,40
横浜市神奈川区,鈴繁町,14102 ,41
横浜市神奈川区,台町,14102 ,42
横浜市神奈川区,高島台,14102 ,43
横浜市神奈川区,宝町,14102 ,44
横浜市神奈川区,立町,14102 ,45
横浜市神奈川区,反町,14102 ,46
横浜市神奈川区,千若町,14102 ,47
横浜市神奈川区,鶴屋町,14102 ,48
横浜市神奈川区,富家町,14102 ,49
横浜市神奈川区,鳥越,14102 ,50
横浜市神奈川区,中丸,14102 ,51
横浜市神奈川区,七島町,14102 ,52
横浜市神奈川区,西大口,14102 ,53
横浜市神奈川区,西神奈川,14102 ,54
横浜市神奈川区,西寺尾,14102 ,55
横浜市神奈川区,二本榎,14102 ,56
横浜市神奈川区,白楽,14102 ,57
横浜市神奈川区,羽沢町,14102 ,58
横浜市神奈川区,羽沢南,14102 ,59
横浜市神奈川区,橋本町,14102 ,60
横浜市神奈川区,東神奈川,14102 ,61
横浜市神奈川区,平川町,14102 ,62
横浜市神奈川区,広台太田町,14102 ,63
横浜市神奈川区,二ツ谷町,14102 ,64
横浜市神奈川区,星野町,14102 ,65
横浜市神奈川区,松ケ丘,14102 ,66
横浜市神奈川区,松見町,14102 ,67
横浜市神奈川区,松本町,14102 ,68
横浜市神奈川区,三ツ沢上町,14102 ,69
横浜市神奈川区,三ツ沢下町,14102 ,70
横浜市神奈川区,三ツ沢中町,14102 ,71
横浜市神奈川区,三ツ沢西町,14102 ,72
横浜市神奈川区,三ツ沢東町,14102 ,73
横浜市神奈川区,三ツ沢南町,14102 ,74
横浜市神奈川区,瑞穂町,14102 ,75
横浜市神奈川区,守屋町,14102 ,76
横浜市神奈川区,山内町,14102 ,77
横浜市神奈川区,六角橋,14102 ,78
横浜市西区,赤門町,14103 ,1
横浜市西区,東ケ丘,14103 ,2
横浜市西区,伊勢町,14103 ,3
横浜市西区,老松町,14103 ,4
横浜市西区,岡野,14103 ,5
横浜市西区,霞ケ丘,14103 ,6
横浜市西区,北軽井沢,14103 ,7
横浜市西区,北幸,14103 ,8
横浜市西区,楠町,14103 ,9
横浜市西区,久保町,14103 ,10
横浜市西区,御所山町,14103 ,11
横浜市西区,境之谷,14103 ,12
横浜市西区,桜木町,14103 ,13
横浜市西区,浅間台,14103 ,14
横浜市西区,浅間町,14103 ,15
横浜市西区,高島,14103 ,16
横浜市西区,中央,14103 ,17
横浜市西区,戸部町,14103 ,18
横浜市西区,戸部本町,14103 ,19
横浜市西区,西戸部町,14103 ,20
横浜市西区,西平沼町,14103 ,21
横浜市西区,西前町,14103 ,22
横浜市西区,花咲町,14103 ,23
横浜市西区,浜松町,14103 ,24
横浜市西区,東久保町,14103 ,25
横浜市西区,平沼,14103 ,26
横浜市西区,藤棚町,14103 ,27
横浜市西区,みなとみらい,14103 ,28
横浜市西区,南軽井沢,14103 ,29
横浜市西区,南幸,14103 ,30
横浜市西区,南浅間町,14103 ,31
横浜市西区,宮ケ谷,14103 ,32
横浜市西区,宮崎町,14103 ,33
横浜市西区,元久保町,14103 ,34
横浜市西区,紅葉ケ丘,14103 ,35
横浜市中区,相生町,14104 ,1
横浜市中区,赤門町,14104 ,2
横浜市中区,曙町,14104 ,3
横浜市中区,池袋,14104 ,4
横浜市中区,石川町,14104 ,5
横浜市中区,伊勢佐木町,14104 ,6
横浜市中区,上野町,14104 ,7
横浜市中区,打越,14104 ,8
横浜市中区,内田町,14104 ,9
横浜市中区,扇町,14104 ,10
横浜市中区,大芝台,14104 ,11
横浜市中区,太田町,14104 ,12
横浜市中区,大平町,14104 ,13
横浜市中区,翁町,14104 ,14
横浜市中区,尾上町,14104 ,15
横浜市中区,海岸通,14104 ,16
横浜市中区,柏葉,14104 ,17
横浜市中区,かもめ町,14104 ,18
横浜市中区,北方町,14104 ,19
横浜市中区,北仲通,14104 ,20
横浜市中区,黄金町,14104 ,21
横浜市中区,寿町,14104 ,22
横浜市中区,小港町,14104 ,23
横浜市中区,鷺山,14104 ,24
横浜市中区,桜木町,14104 ,25
横浜市中区,新港,14104 ,26
横浜市中区,新山下,14104 ,27
横浜市中区,末広町,14104 ,28
横浜市中区,末吉町,14104 ,29
横浜市中区,住吉町,14104 ,30
横浜市中区,諏訪町,14104 ,31
横浜市中区,滝之上,14104 ,32
横浜市中区,竹之丸,14104 ,33
横浜市中区,立野,14104 ,34
横浜市中区,千歳町,14104 ,35
横浜市中区,千鳥町,14104 ,36
横浜市中区,長者町,14104 ,37
横浜市中区,千代崎町,14104 ,38
横浜市中区,塚越,14104 ,39
横浜市中区,寺久保,14104 ,40
横浜市中区,常盤町,14104 ,41
横浜市中区,豊浦町,14104 ,42
横浜市中区,仲尾台,14104 ,43
横浜市中区,錦町,14104 ,44
横浜市中区,西竹之丸,14104 ,45
横浜市中区,西之谷町,14104 ,46
横浜市中区,日本大通,14104 ,47
横浜市中区,根岸旭台,14104 ,48
横浜市中区,根岸加曽台,14104 ,49
横浜市中区,根岸台,14104 ,50
横浜市中区,根岸町,14104 ,51
横浜市中区,野毛町,14104 ,52
横浜市中区,羽衣町,14104 ,53
横浜市中区,初音町,14104 ,54
横浜市中区,花咲町,14104 ,55
横浜市中区,英町,14104 ,56
横浜市中区,万代町,14104 ,57
横浜市中区,日ノ出町,14104 ,58
横浜市中区,福富町仲通,14104 ,59
横浜市中区,福富町西通,14104 ,60
横浜市中区,福富町東通,14104 ,61
横浜市中区,富士見町,14104 ,62
横浜市中区,不老町,14104 ,63
横浜市中区,弁天通,14104 ,64
横浜市中区,蓬莱町,14104 ,65
横浜市中区,本郷町,14104 ,66
横浜市中区,本町,14104 ,67
横浜市中区,本牧荒井,14104 ,68
横浜市中区,本牧大里町,14104 ,69
横浜市中区,本牧三之谷,14104 ,70
横浜市中区,本牧十二天,14104 ,71
横浜市中区,本牧町,14104 ,72
横浜市中区,本牧原,14104 ,73
横浜市中区,本牧ふ頭,14104 ,74
横浜市中区,本牧間門,14104 ,75
横浜市中区,本牧満坂,14104 ,76
横浜市中区,本牧緑ケ丘,14104 ,77
横浜市中区,本牧宮原,14104 ,78
横浜市中区,本牧元町,14104 ,79
横浜市中区,本牧和田,14104 ,80
横浜市中区,真砂町,14104 ,81
横浜市中区,松影町,14104 ,82
横浜市中区,豆口台,14104 ,83
横浜市中区,港町,14104 ,84
横浜市中区,南仲通,14104 ,85
横浜市中区,南本牧,14104 ,86
横浜市中区,簑沢,14104 ,87
横浜市中区,宮川町,14104 ,88
横浜市中区,妙香寺台,14104 ,89
横浜市中区,三吉町,14104 ,90
横浜市中区,麦田町,14104 ,91
横浜市中区,元浜町,14104 ,92
横浜市中区,元町,14104 ,93
横浜市中区,矢口台,14104 ,94
横浜市中区,山下町,14104 ,95
横浜市中区,山田町,14104 ,96
横浜市中区,山手町,14104 ,97
横浜市中区,大和町,14104 ,98
横浜市中区,山吹町,14104 ,99
横浜市中区,山元町,14104 ,100
横浜市中区,弥生町,14104 ,101
横浜市中区,横浜公園,14104 ,102
横浜市中区,吉田町,14104 ,103
横浜市中区,吉浜町,14104 ,104
横浜市中区,若葉町,14104 ,105
横浜市中区,和田山,14104 ,106
横浜市南区,井土ケ谷上町,14105 ,1
横浜市南区,井土ケ谷下町,14105 ,2
横浜市南区,井土ケ谷中町,14105 ,3
横浜市南区,浦舟町,14105 ,4
横浜市南区,永楽町,14105 ,5
横浜市南区,榎町,14105 ,6
横浜市南区,大岡,14105 ,7
横浜市南区,大橋町,14105 ,8
横浜市南区,庚台,14105 ,9
横浜市南区,唐沢,14105 ,10
横浜市南区,共進町,14105 ,11
横浜市南区,弘明寺町,14105 ,12
横浜市南区,山王町,14105 ,13
横浜市南区,山谷,14105 ,14
横浜市南区,清水ケ丘,14105 ,15
横浜市南区,宿町,14105 ,16
横浜市南区,白金町,14105 ,17
横浜市南区,白妙町,14105 ,18
横浜市南区,新川町,14105 ,19
横浜市南区,高砂町,14105 ,20
横浜市南区,高根町,14105 ,21
横浜市南区,通町,14105 ,22
横浜市南区,中里,14105 ,23
横浜市南区,中里町,14105 ,24
横浜市南区,中島町,14105 ,25
横浜市南区,永田北,14105 ,26
横浜市南区,永田山王台,14105 ,27
横浜市南区,永田台,14105 ,28
横浜市南区,永田東,14105 ,29
横浜市南区,永田南,14105 ,30
横浜市南区,永田みなみ台,14105 ,31
横浜市南区,中村町,14105 ,32
横浜市南区,西中町,14105 ,33
横浜市南区,八幡町,14105 ,34
横浜市南区,花之木町,14105 ,35
横浜市南区,日枝町,14105 ,36
横浜市南区,東蒔田町,14105 ,37
横浜市南区,伏見町,14105 ,38
横浜市南区,二葉町,14105 ,39
横浜市南区,平楽,14105 ,40
横浜市南区,別所,14105 ,41
横浜市南区,別所中里台,14105 ,42
横浜市南区,堀ノ内町,14105 ,43
横浜市南区,蒔田町,14105 ,44
横浜市南区,前里町,14105 ,45
横浜市南区,真金町,14105 ,46
横浜市南区,万世町,14105 ,47
横浜市南区,南太田,14105 ,48
横浜市南区,南吉田町,14105 ,49
横浜市南区,三春台,14105 ,50
横浜市南区,宮元町,14105 ,51
横浜市南区,六ツ川,14105 ,52
横浜市南区,睦町,14105 ,53
横浜市南区,吉野町,14105 ,54
横浜市南区,若宮町,14105 ,55
横浜市保土ヶ谷区,新井町,14106 ,1
横浜市保土ヶ谷区,今井町,14106 ,2
横浜市保土ヶ谷区,岩井町,14106 ,3
横浜市保土ヶ谷区,岩崎町,14106 ,4
横浜市保土ヶ谷区,岩間町,14106 ,5
横浜市保土ヶ谷区,岡沢町,14106 ,6
横浜市保土ヶ谷区,霞台,14106 ,7
横浜市保土ヶ谷区,帷子町,14106 ,8
横浜市保土ヶ谷区,釜台町,14106 ,9
横浜市保土ヶ谷区,鎌谷町,14106 ,10
横浜市保土ヶ谷区,上菅田町,14106 ,11
横浜市保土ヶ谷区,上星川,14106 ,12
横浜市保土ヶ谷区,狩場町,14106 ,13
横浜市保土ヶ谷区,川島町,14106 ,14
横浜市保土ヶ谷区,川辺町,14106 ,15
横浜市保土ヶ谷区,神戸町,14106 ,16
横浜市保土ヶ谷区,権太坂,14106 ,17
横浜市保土ヶ谷区,境木町,14106 ,18
横浜市保土ヶ谷区,境木本町,14106 ,19
横浜市保土ヶ谷区,坂本町,14106 ,20
横浜市保土ヶ谷区,桜ケ丘,14106 ,21
横浜市保土ヶ谷区,新桜ケ丘,14106 ,22
横浜市保土ヶ谷区,瀬戸ケ谷町,14106 ,23
横浜市保土ヶ谷区,月見台,14106 ,24
横浜市保土ヶ谷区,天王町,14106 ,25
横浜市保土ヶ谷区,常盤台,14106 ,26
横浜市保土ヶ谷区,西久保町,14106 ,27
横浜市保土ヶ谷区,西谷,14106 ,28
横浜市保土ヶ谷区,西谷町,14106 ,29
横浜市保土ヶ谷区,初音ケ丘,14106 ,30
横浜市保土ヶ谷区,花見台,14106 ,31
横浜市保土ヶ谷区,東川島町,14106 ,32
横浜市保土ヶ谷区,藤塚町,14106 ,33
横浜市保土ヶ谷区,仏向町,14106 ,34
横浜市保土ヶ谷区,仏向西,14106 ,35
横浜市保土ヶ谷区,法泉,14106 ,36
横浜市保土ヶ谷区,星川,14106 ,37
横浜市保土ヶ谷区,保土ケ谷町,14106 ,38
横浜市保土ヶ谷区,峰岡町,14106 ,39
横浜市保土ヶ谷区,峰沢町,14106 ,40
横浜市保土ヶ谷区,宮田町,14106 ,41
横浜市保土ヶ谷区,明神台,14106 ,42
横浜市保土ヶ谷区,和田,14106 ,43
横浜市磯子区,磯子,14107 ,1
横浜市磯子区,磯子台,14107 ,2
横浜市磯子区,鳳町,14107 ,3
横浜市磯子区,岡村,14107 ,4
横浜市磯子区,上町,14107 ,5
横浜市磯子区,上中里町,14107 ,6
横浜市磯子区,栗木,14107 ,7
横浜市磯子区,坂下町,14107 ,8
横浜市磯子区,汐見台,14107 ,9
横浜市磯子区,下町,14107 ,10
横浜市磯子区,新磯子町,14107 ,11
横浜市磯子区,新杉田町,14107 ,12
横浜市磯子区,新中原町,14107 ,13
横浜市磯子区,新森町,14107 ,14
横浜市磯子区,杉田,14107 ,15
横浜市磯子区,杉田坪呑,14107 ,16
横浜市磯子区,滝頭,14107 ,17
横浜市磯子区,田中,14107 ,18
横浜市磯子区,中浜町,14107 ,19
横浜市磯子区,中原,14107 ,20
横浜市磯子区,西町,14107 ,21
横浜市磯子区,馬場町,14107 ,22
横浜市磯子区,原町,14107 ,23
横浜市磯子区,東町,14107 ,24
横浜市磯子区,久木町,14107 ,25
横浜市磯子区,氷取沢町,14107 ,26
横浜市磯子区,広地町,14107 ,27
横浜市磯子区,丸山,14107 ,28
横浜市磯子区,峰町,14107 ,29
横浜市磯子区,森,14107 ,30
横浜市磯子区,森が丘,14107 ,31
横浜市磯子区,洋光台,14107 ,32
横浜市金沢区,朝比奈町,14108 ,1
横浜市金沢区,海の公園,14108 ,2
横浜市金沢区,大川,14108 ,3
横浜市金沢区,乙舳町,14108 ,4
横浜市金沢区,片吹,14108 ,5
横浜市金沢区,金沢町,14108 ,6
横浜市金沢区,釜利谷町,14108 ,7
横浜市金沢区,釜利谷西,14108 ,8
横浜市金沢区,釜利谷東,14108 ,9
横浜市金沢区,釜利谷南,14108 ,10
横浜市金沢区,幸浦,14108 ,11
横浜市金沢区,柴町,14108 ,12
横浜市金沢区,昭和町,14108 ,13
横浜市金沢区,白帆,14108 ,14
横浜市金沢区,洲崎町,14108 ,15
横浜市金沢区,瀬戸,14108 ,16
横浜市金沢区,大道,14108 ,17
横浜市金沢区,高舟台,14108 ,18
横浜市金沢区,泥亀,14108 ,19
横浜市金沢区,寺前,14108 ,20
横浜市金沢区,富岡西,14108 ,21
横浜市金沢区,富岡東,14108 ,22
横浜市金沢区,鳥浜町,14108 ,23
横浜市金沢区,長浜,14108 ,24
横浜市金沢区,並木,14108 ,26
横浜市金沢区,西柴,14108 ,27
横浜市金沢区,能見台,14108 ,28
横浜市金沢区,能見台通,14108 ,29
横浜市金沢区,能見台東,14108 ,30
横浜市金沢区,能見台森,14108 ,31
横浜市金沢区,野島町,14108 ,32
横浜市金沢区,八景島,14108 ,33
横浜市金沢区,東朝比奈,14108 ,34
横浜市金沢区,平潟町,14108 ,35
横浜市金沢区,福浦,14108 ,36
横浜市金沢区,堀口,14108 ,37
横浜市金沢区,町屋町,14108 ,38
横浜市金沢区,みず木町,14108 ,39
横浜市金沢区,六浦,14108 ,40
横浜市金沢区,六浦町,14108 ,41
横浜市金沢区,六浦東,14108 ,42
横浜市金沢区,六浦南,14108 ,43
横浜市金沢区,谷津町,14108 ,44
横浜市金沢区,柳町,14108 ,45
横浜市港北区,大倉山,14109 ,1
横浜市港北区,大曽根,14109 ,2
横浜市港北区,大曽根台,14109 ,3
横浜市港北区,菊名,14109 ,4
横浜市港北区,岸根町,14109 ,5
横浜市港北区,北新横浜,14109 ,6
横浜市港北区,小机町,14109 ,7
横浜市港北区,篠原北,14109 ,8
横浜市港北区,篠原台町,14109 ,9
横浜市港北区,篠原町,14109 ,10
横浜市港北区,篠原西町,14109 ,11
横浜市港北区,篠原東,14109 ,12
横浜市港北区,下田町,14109 ,13
横浜市港北区,新横浜,14109 ,14
横浜市港北区,新吉田町,14109 ,15
横浜市港北区,新吉田東,14109 ,16
横浜市港北区,高田町,14109 ,17
横浜市港北区,高田西,14109 ,18
横浜市港北区,高田東,14109 ,19
横浜市港北区,樽町,14109 ,20
横浜市港北区,綱島上町,14109 ,21
横浜市港北区,綱島台,14109 ,22
横浜市港北区,綱島西,14109 ,23
横浜市港北区,綱島東,14109 ,24
横浜市港北区,鳥山町,14109 ,25
横浜市港北区,仲手原,14109 ,26
横浜市港北区,錦が丘,14109 ,27
横浜市港北区,新羽町,14109 ,28
横浜市港北区,日吉,14109 ,29
横浜市港北区,日吉本町,14109 ,30
横浜市港北区,富士塚,14109 ,31
横浜市港北区,大豆戸町,14109 ,32
横浜市港北区,箕輪町,14109 ,33
横浜市港北区,師岡町,14109 ,34
横浜市戸塚区,秋葉町,14110 ,1
横浜市戸塚区,影取町,14110 ,2
横浜市戸塚区,柏尾町,14110 ,3
横浜市戸塚区,上柏尾町,14110 ,4
横浜市戸塚区,上倉田町,14110 ,5
横浜市戸塚区,上品濃,14110 ,6
横浜市戸塚区,上矢部町,14110 ,7
横浜市戸塚区,川上町,14110 ,8
横浜市戸塚区,汲沢,14110 ,9
横浜市戸塚区,汲沢町,14110 ,10
横浜市戸塚区,小雀町,14110 ,11
横浜市戸塚区,品濃町,14110 ,12
横浜市戸塚区,下倉田町,14110 ,13
横浜市戸塚区,戸塚町,14110 ,14
横浜市戸塚区,鳥が丘,14110 ,15
横浜市戸塚区,名瀬町,14110 ,16
横浜市戸塚区,原宿,14110 ,17
横浜市戸塚区,東俣野町,14110 ,18
横浜市戸塚区,平戸,14110 ,19
横浜市戸塚区,平戸町,14110 ,20
横浜市戸塚区,深谷町,14110 ,21
横浜市戸塚区,舞岡町,14110 ,22
横浜市戸塚区,前田町,14110 ,23
横浜市戸塚区,俣野町,14110 ,24
横浜市戸塚区,南舞岡,14110 ,25
横浜市戸塚区,矢部町,14110 ,26
横浜市戸塚区,吉田町,14110 ,27
横浜市港南区,大久保,14111 ,1
横浜市港南区,上大岡西,14111 ,2
横浜市港南区,上大岡東,14111 ,3
横浜市港南区,上永谷,14111 ,4
横浜市港南区,上永谷町,14111 ,5
横浜市港南区,港南,14111 ,6
横浜市港南区,港南台,14111 ,7
横浜市港南区,港南中央通,14111 ,8
横浜市港南区,最戸,14111 ,9
横浜市港南区,笹下,14111 ,10
横浜市港南区,下永谷,14111 ,11
横浜市港南区,芹が谷,14111 ,12
横浜市港南区,野庭町,14111 ,13
横浜市港南区,東芹が谷,14111 ,14
横浜市港南区,東永谷,14111 ,15
横浜市港南区,日限山,14111 ,16
横浜市港南区,日野,14111 ,17
横浜市港南区,日野中央,14111 ,18
横浜市港南区,日野南,14111 ,19
横浜市港南区,丸山台,14111 ,20
横浜市旭区,市沢町,14112 ,1
横浜市旭区,今川町,14112 ,2
横浜市旭区,今宿,14112 ,3
横浜市旭区,今宿町,14112 ,4
横浜市旭区,今宿西町,14112 ,5
横浜市旭区,今宿東町,14112 ,6
横浜市旭区,今宿南町,14112 ,7
横浜市旭区,大池町,14112 ,8
横浜市旭区,小高町,14112 ,9
横浜市旭区,柏町,14112 ,10
横浜市旭区,金が谷,14112 ,11
横浜市旭区,上川井町,14112 ,13
横浜市旭区,上白根,14112 ,14
横浜市旭区,上白根町,14112 ,15
横浜市旭区,川井宿町,14112 ,16
横浜市旭区,川井本町,14112 ,17
横浜市旭区,川島町,14112 ,18
横浜市旭区,桐が作,14112 ,19
横浜市旭区,左近山,14112 ,20
横浜市旭区,笹野台,14112 ,21
横浜市旭区,さちが丘,14112 ,22
横浜市旭区,三反田町,14112 ,23
横浜市旭区,四季美台,14112 ,24
横浜市旭区,下川井町,14112 ,25
横浜市旭区,白根,14112 ,26
横浜市旭区,白根町,14112 ,27
横浜市旭区,善部町,14112 ,28
横浜市旭区,都岡町,14112 ,29
横浜市旭区,鶴ケ峰,14112 ,30
横浜市旭区,鶴ケ峰本町,14112 ,31
横浜市旭区,中尾,14112 ,32
横浜市旭区,中希望が丘,14112 ,33
横浜市旭区,中沢,14112 ,34
横浜市旭区,中白根,14112 ,35
横浜市旭区,西川島町,14112 ,36
横浜市旭区,東希望が丘,14112 ,37
横浜市旭区,二俣川,14112 ,38
横浜市旭区,本宿町,14112 ,39
横浜市旭区,本村町,14112 ,40
横浜市旭区,万騎が原,14112 ,41
横浜市旭区,南希望が丘,14112 ,42
横浜市旭区,南本宿町,14112 ,43
横浜市旭区,矢指町,14112 ,44
横浜市旭区,若葉台,14112 ,45
横浜市緑区,青砥町,14113 ,1
横浜市緑区,いぶき野,14113 ,2
横浜市緑区,上山,14113 ,3
横浜市緑区,鴨居,14113 ,4
横浜市緑区,鴨居町,14113 ,5
横浜市緑区,北八朔町,14113 ,6
横浜市緑区,霧が丘,14113 ,7
横浜市緑区,小山町,14113 ,8
横浜市緑区,台村町,14113 ,9
横浜市緑区,竹山,14113 ,10
横浜市緑区,寺山町,14113 ,11
横浜市緑区,十日市場町,14113 ,12
横浜市緑区,長津田,14113 ,13
横浜市緑区,長津田町,14113 ,14
横浜市緑区,長津田みなみ台,14113 ,15
横浜市緑区,中山,14113 ,16
横浜市緑区,新治町,14113 ,18
横浜市緑区,西八朔町,14113 ,19
横浜市緑区,白山,14113 ,20
横浜市緑区,東本郷,14113 ,21
横浜市緑区,東本郷町,14113 ,22
横浜市緑区,三保町,14113 ,23
横浜市緑区,森の台,14113 ,24
横浜市瀬谷区,相沢,14114 ,1
横浜市瀬谷区,阿久和西,14114 ,2
横浜市瀬谷区,阿久和東,14114 ,3
横浜市瀬谷区,阿久和南,14114 ,4
横浜市瀬谷区,東野,14114 ,5
横浜市瀬谷区,東野台,14114 ,6
横浜市瀬谷区,卸本町,14114 ,7
横浜市瀬谷区,上瀬谷町,14114 ,8
横浜市瀬谷区,北新,14114 ,9
横浜市瀬谷区,北町,14114 ,10
横浜市瀬谷区,五貫目町,14114 ,11
横浜市瀬谷区,下瀬谷,14114 ,12
横浜市瀬谷区,瀬谷,14114 ,13
横浜市瀬谷区,瀬谷町,14114 ,14
横浜市瀬谷区,竹村町,14114 ,15
横浜市瀬谷区,中央,14114 ,16
横浜市瀬谷区,中屋敷,14114 ,17
横浜市瀬谷区,橋戸,14114 ,18
横浜市瀬谷区,二ツ橋町,14114 ,19
横浜市瀬谷区,本郷,14114 ,20
横浜市瀬谷区,三ツ境,14114 ,21
横浜市瀬谷区,南瀬谷,14114 ,22
横浜市瀬谷区,南台,14114 ,23
横浜市瀬谷区,宮沢,14114 ,24
横浜市瀬谷区,目黒町,14114 ,25
横浜市栄区,飯島町,14115 ,1
横浜市栄区,犬山町,14115 ,2
横浜市栄区,尾月,14115 ,3
横浜市栄区,笠間,14115 ,4
横浜市栄区,笠間町,14115 ,5
横浜市栄区,鍛冶ケ谷,14115 ,6
横浜市栄区,鍛冶ケ谷町,14115 ,7
横浜市栄区,桂台北,14115 ,8
横浜市栄区,桂台中,14115 ,9
横浜市栄区,桂台西,14115 ,10
横浜市栄区,桂台東,14115 ,11
横浜市栄区,桂台南,14115 ,12
横浜市栄区,桂町,14115 ,13
横浜市栄区,金井町,14115 ,14
横浜市栄区,上郷町,14115 ,15
横浜市栄区,上之町,14115 ,16
横浜市栄区,亀井町,14115 ,17
横浜市栄区,公田町,14115 ,18
横浜市栄区,小菅ケ谷,14115 ,19
横浜市栄区,小菅ケ谷町,14115 ,20
横浜市栄区,小山台,14115 ,21
横浜市栄区,庄戸,14115 ,22
横浜市栄区,田谷町,14115 ,23
横浜市栄区,長尾台町,14115 ,24
横浜市栄区,長倉町,14115 ,25
横浜市栄区,長沼町,14115 ,26
横浜市栄区,中野町,14115 ,27
横浜市栄区,野七里,14115 ,28
横浜市栄区,柏陽,14115 ,29
横浜市栄区,東上郷町,14115 ,30
横浜市栄区,本郷台,14115 ,31
横浜市栄区,元大橋,14115 ,32
横浜市栄区,若竹町,14115 ,33
横浜市泉区,池の谷,14116 ,1
横浜市泉区,和泉町,14116 ,2
横浜市泉区,岡津町,14116 ,3
横浜市泉区,桂坂,14116 ,4
横浜市泉区,上飯田町,14116 ,5
横浜市泉区,下飯田町,14116 ,6
横浜市泉区,白百合,14116 ,7
横浜市泉区,新橋町,14116 ,8
横浜市泉区,中田北,14116 ,9
横浜市泉区,中田町,14116 ,10
横浜市泉区,中田西,14116 ,11
横浜市泉区,中田東,14116 ,12
横浜市泉区,中田南,14116 ,13
横浜市泉区,西が岡,14116 ,14
横浜市泉区,弥生台,14116 ,15
横浜市泉区,領家,14116 ,16
横浜市泉区,緑園,14116 ,17
横浜市泉区,下和泉,14116 ,18
横浜市泉区,和泉が丘,14116 ,19
横浜市泉区,和泉中央南,14116 ,20
横浜市泉区,和泉中央北,14116 ,21
横浜市泉区,ゆめが丘,14116 ,22
横浜市青葉区,青葉台,14117 ,1
横浜市青葉区,あかね台,14117 ,2
横浜市青葉区,あざみ野,14117 ,3
横浜市青葉区,あざみ野南,14117 ,4
横浜市青葉区,市ケ尾町,14117 ,5
横浜市青葉区,美しが丘,14117 ,6
横浜市青葉区,美しが丘西,14117 ,7
横浜市青葉区,梅が丘,14117 ,8
横浜市青葉区,荏子田,14117 ,9
横浜市青葉区,荏田北,14117 ,10
横浜市青葉区,荏田町,14117 ,11
横浜市青葉区,荏田西,14117 ,12
横浜市青葉区,榎が丘,14117 ,13
横浜市青葉区,大場町,14117 ,14
横浜市青葉区,恩田町,14117 ,15
横浜市青葉区,柿の木台,14117 ,16
横浜市青葉区,桂台,14117 ,17
横浜市青葉区,上谷本町,14117 ,18
横浜市青葉区,鴨志田町,14117 ,19
横浜市青葉区,鉄町,14117 ,20
横浜市青葉区,黒須田,14117 ,21
横浜市青葉区,桜台,14117 ,22
横浜市青葉区,さつきが丘,14117 ,23
横浜市青葉区,寺家町,14117 ,24
横浜市青葉区,下谷本町,14117 ,25
横浜市青葉区,しらとり台,14117 ,26
横浜市青葉区,新石川,14117 ,27
横浜市青葉区,すすき野,14117 ,28
横浜市青葉区,すみよし台,14117 ,29
横浜市青葉区,たちばな台,14117 ,30
横浜市青葉区,田奈町,14117 ,31
横浜市青葉区,千草台,14117 ,32
横浜市青葉区,つつじが丘,14117 ,33
横浜市青葉区,奈良,14117 ,34
横浜市青葉区,奈良町,14117 ,35
横浜市青葉区,成合町,14117 ,36
横浜市青葉区,藤が丘,14117 ,37
横浜市青葉区,松風台,14117 ,38
横浜市青葉区,みすずが丘,14117 ,39
横浜市青葉区,みたけ台,14117 ,40
横浜市青葉区,緑山,14117 ,41
横浜市青葉区,もえぎ野,14117 ,42
横浜市青葉区,元石川町,14117 ,43
横浜市青葉区,もみの木台,14117 ,44
横浜市青葉区,若草台,14117 ,45
横浜市都筑区,あゆみが丘,14118 ,1
横浜市都筑区,池辺町,14118 ,2
横浜市都筑区,牛久保,14118 ,3
横浜市都筑区,牛久保町,14118 ,4
横浜市都筑区,牛久保西,14118 ,5
横浜市都筑区,牛久保東,14118 ,6
横浜市都筑区,荏田東,14118 ,7
横浜市都筑区,荏田東町,14118 ,8
横浜市都筑区,荏田南,14118 ,9
横浜市都筑区,荏田南町,14118 ,10
横浜市都筑区,大熊町,14118 ,11
横浜市都筑区,大棚町,14118 ,12
横浜市都筑区,大棚西,14118 ,13
横浜市都筑区,大丸,14118 ,14
横浜市都筑区,折本町,14118 ,15
横浜市都筑区,加賀原,14118 ,16
横浜市都筑区,勝田町,14118 ,17
横浜市都筑区,勝田南,14118 ,18
横浜市都筑区,川向町,14118 ,19
横浜市都筑区,川和台,14118 ,20
横浜市都筑区,川和町,14118 ,21
横浜市都筑区,北山田,14118 ,22
横浜市都筑区,葛が谷,14118 ,23
横浜市都筑区,佐江戸町,14118 ,24
横浜市都筑区,桜並木,14118 ,25
横浜市都筑区,新栄町,14118 ,26
横浜市都筑区,すみれが丘,14118 ,28
横浜市都筑区,高山,14118 ,29
横浜市都筑区,茅ケ崎中央,14118 ,30
横浜市都筑区,茅ケ崎町,14118 ,31
横浜市都筑区,茅ケ崎東,14118 ,32
横浜市都筑区,茅ケ崎南,14118 ,33
横浜市都筑区,中川,14118 ,34
横浜市都筑区,中川中央,14118 ,35
横浜市都筑区,長坂,14118 ,36
横浜市都筑区,仲町台,14118 ,37
横浜市都筑区,二の丸,14118 ,39
横浜市都筑区,早渕,14118 ,40
横浜市都筑区,東方町,14118 ,41
横浜市都筑区,東山田,14118 ,42
横浜市都筑区,東山田町,14118 ,43
横浜市都筑区,平台,14118 ,44
横浜市都筑区,富士見が丘,14118 ,45
横浜市都筑区,南山田,14118 ,46
横浜市都筑区,南山田町,14118 ,47
横浜市都筑区,見花山,14118 ,48
川崎市川崎区,浅田,14131 ,1
川崎市川崎区,浅野町,14131 ,2
川崎市川崎区,旭町,14131 ,3
川崎市川崎区,池上新町,14131 ,4
川崎市川崎区,池上町,14131 ,5
川崎市川崎区,池田,14131 ,6
川崎市川崎区,砂子,14131 ,7
川崎市川崎区,伊勢町,14131 ,8
川崎市川崎区,浮島町,14131 ,9
川崎市川崎区,江川,14131 ,10
川崎市川崎区,駅前本町,14131 ,11
川崎市川崎区,榎町,14131 ,12
川崎市川崎区,追分町,14131 ,13
川崎市川崎区,扇町,14131 ,14
川崎市川崎区,大川町,14131 ,15
川崎市川崎区,扇島,14131 ,16
川崎市川崎区,大島,14131 ,17
川崎市川崎区,大島上町,14131 ,18
川崎市川崎区,小川町,14131 ,19
川崎市川崎区,小田,14131 ,20
川崎市川崎区,小田栄,14131 ,21
川崎市川崎区,貝塚,14131 ,22
川崎市川崎区,川中島,14131 ,23
川崎市川崎区,観音,14131 ,24
川崎市川崎区,京町,14131 ,25
川崎市川崎区,鋼管通,14131 ,26
川崎市川崎区,小島町,14131 ,27
川崎市川崎区,境町,14131 ,28
川崎市川崎区,桜本,14131 ,29
川崎市川崎区,塩浜,14131 ,30
川崎市川崎区,下並木,14131 ,31
川崎市川崎区,昭和,14131 ,32
川崎市川崎区,白石町,14131 ,33
川崎市川崎区,新川通,14131 ,34
川崎市川崎区,鈴木町,14131 ,35
川崎市川崎区,大師駅前,14131 ,36
川崎市川崎区,大師河原,14131 ,37
川崎市川崎区,大師公園,14131 ,38
川崎市川崎区,大師本町,14131 ,39
川崎市川崎区,大師町,14131 ,40
川崎市川崎区,台町,14131 ,41
川崎市川崎区,田島町,14131 ,42
川崎市川崎区,田辺新田,14131 ,43
川崎市川崎区,田町,14131 ,44
川崎市川崎区,千鳥町,14131 ,45
川崎市川崎区,堤根,14131 ,46
川崎市川崎区,出来野,14131 ,47
川崎市川崎区,殿町,14131 ,48
川崎市川崎区,中島,14131 ,49
川崎市川崎区,中瀬,14131 ,50
川崎市川崎区,日進町,14131 ,51
川崎市川崎区,浜町,14131 ,52
川崎市川崎区,東扇島,14131 ,53
川崎市川崎区,東田町,14131 ,54
川崎市川崎区,東門前,14131 ,55
川崎市川崎区,日ノ出,14131 ,56
川崎市川崎区,藤崎,14131 ,57
川崎市川崎区,富士見,14131 ,58
川崎市川崎区,堀之内町,14131 ,59
川崎市川崎区,本町,14131 ,60
川崎市川崎区,水江町,14131 ,61
川崎市川崎区,港町,14131 ,62
川崎市川崎区,南町,14131 ,63
川崎市川崎区,南渡田町,14131 ,64
川崎市川崎区,宮前町,14131 ,65
川崎市川崎区,宮本町,14131 ,66
川崎市川崎区,元木,14131 ,67
川崎市川崎区,夜光,14131 ,68
川崎市川崎区,四谷上町,14131 ,69
川崎市川崎区,四谷下町,14131 ,70
川崎市川崎区,渡田,14131 ,71
川崎市川崎区,渡田山王町,14131 ,72
川崎市川崎区,渡田新町,14131 ,73
川崎市川崎区,渡田東町,14131 ,74
川崎市川崎区,渡田向町,14131 ,75
川崎市幸区,遠藤町,14132 ,1
川崎市幸区,大宮町,14132 ,2
川崎市幸区,小倉,14132 ,3
川崎市幸区,鹿島田,14132 ,4
川崎市幸区,河原町,14132 ,5
川崎市幸区,北加瀬,14132 ,6
川崎市幸区,小向,14132 ,7
川崎市幸区,小向町,14132 ,8
川崎市幸区,小向東芝町,14132 ,9
川崎市幸区,小向仲野町,14132 ,10
川崎市幸区,小向西町,14132 ,11
川崎市幸区,紺屋町,14132 ,12
川崎市幸区,幸町,14132 ,13
川崎市幸区,下平間,14132 ,14
川崎市幸区,新小倉,14132 ,15
川崎市幸区,新川崎,14132 ,16
川崎市幸区,新塚越,14132 ,17
川崎市幸区,神明町,14132 ,18
川崎市幸区,塚越,14132 ,19
川崎市幸区,戸手,14132 ,20
川崎市幸区,戸手本町,14132 ,21
川崎市幸区,中幸町,14132 ,22
川崎市幸区,東小倉,14132 ,23
川崎市幸区,東古市場,14132 ,24
川崎市幸区,古市場,14132 ,25
川崎市幸区,古川町,14132 ,26
川崎市幸区,堀川町,14132 ,27
川崎市幸区,南加瀬,14132 ,28
川崎市幸区,南幸町,14132 ,29
川崎市幸区,都町,14132 ,30
川崎市幸区,矢上,14132 ,31
川崎市幸区,柳町,14132 ,32
川崎市中原区,井田,14133 ,1
川崎市中原区,井田三舞町,14133 ,2
川崎市中原区,井田杉山町,14133 ,3
川崎市中原区,井田中ノ町,14133 ,4
川崎市中原区,市ノ坪,14133 ,5
川崎市中原区,今井上町,14133 ,7
川崎市中原区,今井仲町,14133 ,8
川崎市中原区,今井西町,14133 ,9
川崎市中原区,今井南町,14133 ,10
川崎市中原区,大倉町,14133 ,11
川崎市中原区,上小田中,14133 ,12
川崎市中原区,上新城,14133 ,13
川崎市中原区,上平間,14133 ,14
川崎市中原区,上丸子,14133 ,15
川崎市中原区,上丸子山王町,14133 ,16
川崎市中原区,上丸子天神町,14133 ,17
川崎市中原区,上丸子八幡町,14133 ,18
川崎市中原区,苅宿,14133 ,19
川崎市中原区,北谷町,14133 ,20
川崎市中原区,木月,14133 ,21
川崎市中原区,木月伊勢町,14133 ,22
川崎市中原区,木月祗園町,14133 ,23
川崎市中原区,木月住吉町,14133 ,24
川崎市中原区,木月大町,14133 ,25
川崎市中原区,小杉御殿町,14133 ,27
川崎市中原区,小杉陣屋町,14133 ,28
川崎市中原区,小杉町,14133 ,29
川崎市中原区,下小田中,14133 ,30
川崎市中原区,下新城,14133 ,31
川崎市中原区,下沼部,14133 ,32
川崎市中原区,新城,14133 ,33
川崎市中原区,新城中町,14133 ,34
川崎市中原区,新丸子東,14133 ,35
川崎市中原区,新丸子町,14133 ,36
川崎市中原区,田尻町,14133 ,37
川崎市中原区,等々力,14133 ,38
川崎市中原区,中丸子,14133 ,39
川崎市中原区,西加瀬,14133 ,40
川崎市中原区,丸子通,14133 ,41
川崎市中原区,宮内,14133 ,42
川崎市高津区,明津,14134 ,1
川崎市高津区,宇奈根,14134 ,2
川崎市高津区,梶ケ谷,14134 ,3
川崎市高津区,蟹ケ谷,14134 ,4
川崎市高津区,上作延,14134 ,5
川崎市高津区,北見方,14134 ,6
川崎市高津区,久地,14134 ,7
川崎市高津区,坂戸,14134 ,8
川崎市高津区,子母口,14134 ,9
川崎市高津区,下作延,14134 ,11
川崎市高津区,下野毛,14134 ,12
川崎市高津区,新作,14134 ,13
川崎市高津区,末長,14134 ,14
川崎市高津区,諏訪,14134 ,15
川崎市高津区,瀬田,14134 ,16
川崎市高津区,千年,14134 ,17
川崎市高津区,千年新町,14134 ,18
川崎市高津区,野川,14134 ,19
川崎市高津区,久末,14134 ,20
川崎市高津区,久本,14134 ,21
川崎市高津区,二子,14134 ,22
川崎市高津区,溝口,14134 ,23
川崎市高津区,向ケ丘,14134 ,24
川崎市多摩区,生田,14135 ,1
川崎市多摩区,和泉,14135 ,2
川崎市多摩区,栗谷,14135 ,3
川崎市多摩区,宿河原,14135 ,4
川崎市多摩区,菅,14135 ,5
川崎市多摩区,菅稲田堤,14135 ,6
川崎市多摩区,菅北浦,14135 ,7
川崎市多摩区,菅城下,14135 ,8
川崎市多摩区,菅仙谷,14135 ,9
川崎市多摩区,菅野戸呂,14135 ,10
川崎市多摩区,菅馬場,14135 ,11
川崎市多摩区,堰,14135 ,12
川崎市多摩区,寺尾台,14135 ,13
川崎市多摩区,中野島,14135 ,14
川崎市多摩区,長尾,14135 ,15
川崎市多摩区,長沢,14135 ,16
川崎市多摩区,西生田,14135 ,17
川崎市多摩区,登戸,14135 ,18
川崎市多摩区,登戸新町,14135 ,19
川崎市多摩区,東生田,14135 ,20
川崎市多摩区,東三田,14135 ,21
川崎市多摩区,布田,14135 ,22
川崎市多摩区,枡形,14135 ,23
川崎市多摩区,三田,14135 ,24
川崎市多摩区,南生田,14135 ,25
川崎市宮前区,有馬,14136 ,1
川崎市宮前区,犬蔵,14136 ,2
川崎市宮前区,梶ケ谷,14136 ,3
川崎市宮前区,けやき平,14136 ,4
川崎市宮前区,五所塚,14136 ,5
川崎市宮前区,小台,14136 ,6
川崎市宮前区,鷺沼,14136 ,7
川崎市宮前区,潮見台,14136 ,8
川崎市宮前区,神木,14136 ,9
川崎市宮前区,神木本町,14136 ,10
川崎市宮前区,白幡台,14136 ,11
川崎市宮前区,菅生,14136 ,12
川崎市宮前区,菅生ケ丘,14136 ,13
川崎市宮前区,平,14136 ,14
川崎市宮前区,土橋,14136 ,15
川崎市宮前区,南平台,14136 ,16
川崎市宮前区,野川,14136 ,17
川崎市宮前区,初山,14136 ,18
川崎市宮前区,東有馬,14136 ,19
川崎市宮前区,馬絹,14136 ,20
川崎市宮前区,水沢,14136 ,21
川崎市宮前区,宮崎,14136 ,22
川崎市宮前区,宮前平,14136 ,23
川崎市麻生区,王禅寺,14137 ,1
川崎市麻生区,王禅寺西,14137 ,2
川崎市麻生区,王禅寺東,14137 ,3
川崎市麻生区,岡上,14137 ,4
川崎市麻生区,片平,14137 ,5
川崎市麻生区,上麻生,14137 ,6
川崎市麻生区,金程,14137 ,7
川崎市麻生区,栗木,14137 ,8
川崎市麻生区,栗木台,14137 ,9
川崎市麻生区,栗平,14137 ,10
川崎市麻生区,黒川,14137 ,11
川崎市麻生区,五力田,14137 ,12
川崎市麻生区,下麻生,14137 ,13
川崎市麻生区,白鳥,14137 ,14
川崎市麻生区,高石,14137 ,15
川崎市麻生区,多摩美,14137 ,16
川崎市麻生区,千代ケ丘,14137 ,17
川崎市麻生区,虹ケ丘,14137 ,18
川崎市麻生区,白山,14137 ,19
川崎市麻生区,はるひ野,14137 ,20
川崎市麻生区,早野,14137 ,21
川崎市麻生区,東百合丘,14137 ,22
川崎市麻生区,古沢,14137 ,23
川崎市麻生区,細山,14137 ,24
川崎市麻生区,万福寺,14137 ,25
川崎市麻生区,南黒川,14137 ,26
川崎市麻生区,向原,14137 ,27
川崎市麻生区,百合丘,14137 ,28
相模原市緑区,相原,14151 ,1
相模原市緑区,青根,14151 ,2
相模原市緑区,青野原,14151 ,3
相模原市緑区,青山,14151 ,4
相模原市緑区,太井,14151 ,5
相模原市緑区,大島,14151 ,6
相模原市緑区,大山町,14151 ,7
相模原市緑区,小倉,14151 ,8
相模原市緑区,小原,14151 ,9
相模原市緑区,小渕,14151 ,10
相模原市緑区,上九沢,14151 ,11
相模原市緑区,川尻,14151 ,12
相模原市緑区,久保沢,14151 ,13
相模原市緑区,佐野川,14151 ,14
相模原市緑区,澤井,14151 ,15
相模原市緑区,下九沢,14151 ,16
相模原市緑区,城山,14151 ,17
相模原市緑区,寸沢嵐,14151 ,18
相模原市緑区,田名,14151 ,19
相模原市緑区,谷ヶ原,14151 ,20
相模原市緑区,千木良,14151 ,21
相模原市緑区,鳥屋,14151 ,22
相模原市緑区,中沢,14151 ,23
相模原市緑区,中野,14151 ,24
相模原市緑区,長竹,14151 ,25
相模原市緑区,名倉,14151 ,26
相模原市緑区,西橋本,14151 ,27
相模原市緑区,二本松,14151 ,28
相模原市緑区,根小屋,14151 ,29
相模原市緑区,橋本,14151 ,30
相模原市緑区,橋本台,14151 ,31
相模原市緑区,葉山島,14151 ,32
相模原市緑区,原宿,14151 ,33
相模原市緑区,原宿南,14151 ,34
相模原市緑区,東橋本,14151 ,35
相模原市緑区,日連,14151 ,36
相模原市緑区,広田,14151 ,37
相模原市緑区,牧野,14151 ,38
相模原市緑区,又野,14151 ,39
相模原市緑区,町屋,14151 ,40
相模原市緑区,三井,14151 ,41
相模原市緑区,三ケ木,14151 ,42
相模原市緑区,向原,14151 ,43
相模原市緑区,元橋本町,14151 ,44
相模原市緑区,吉野,14151 ,45
相模原市緑区,与瀬,14151 ,46
相模原市緑区,与瀬本町,14151 ,47
相模原市緑区,若葉台,14151 ,48
相模原市緑区,若柳,14151 ,49
相模原市中央区,相生,14152 ,1
相模原市中央区,青葉,14152 ,2
相模原市中央区,大野台,14152 ,3
相模原市中央区,小山,14152 ,4
相模原市中央区,鹿沼台,14152 ,5
相模原市中央区,上溝,14152 ,6
相模原市中央区,上矢部,14152 ,7
相模原市中央区,共和,14152 ,8
相模原市中央区,向陽町,14152 ,9
相模原市中央区,小町通,14152 ,10
相模原市中央区,相模原,14152 ,11
相模原市中央区,下九沢,14152 ,12
相模原市中央区,水郷田名,14152 ,13
相模原市中央区,すすきの町,14152 ,14
相模原市中央区,清新,14152 ,15
相模原市中央区,高根,14152 ,16
相模原市中央区,田名,14152 ,17
相模原市中央区,田名塩田,14152 ,18
相模原市中央区,中央,14152 ,19
相模原市中央区,千代田,14152 ,20
相模原市中央区,並木,14152 ,21
相模原市中央区,光が丘,14152 ,22
相模原市中央区,氷川町,14152 ,23
相模原市中央区,東淵野辺,14152 ,24
相模原市中央区,富士見,14152 ,25
相模原市中央区,淵野辺,14152 ,26
相模原市中央区,淵野辺本町,14152 ,27
相模原市中央区,星が丘,14152 ,28
相模原市中央区,松が丘,14152 ,29
相模原市中央区,緑が丘,14152 ,30
相模原市中央区,南橋本,14152 ,31
相模原市中央区,宮下,14152 ,32
相模原市中央区,宮下本町,14152 ,33
相模原市中央区,弥栄,14152 ,34
相模原市中央区,矢部,14152 ,35
相模原市中央区,矢部新町,14152 ,36
相模原市中央区,陽光台,14152 ,38
相模原市中央区,横山,14152 ,39
相模原市中央区,横山台,14152 ,40
相模原市中央区,由野台,14152 ,41
相模原市南区,旭町,14153 ,1
相模原市南区,麻溝台,14153 ,2
相模原市南区,新磯野,14153 ,3
相模原市南区,磯部,14153 ,4
相模原市南区,鵜野森,14153 ,5
相模原市南区,大野台,14153 ,6
相模原市南区,上鶴間,14153 ,7
相模原市南区,上鶴間本町,14153 ,8
相模原市南区,北里,14153 ,9
相模原市南区,古淵,14153 ,10
相模原市南区,栄町,14153 ,11
相模原市南区,相模大野,14153 ,12
相模原市南区,相模台,14153 ,13
相模原市南区,相模台団地,14153 ,14
相模原市南区,桜台,14153 ,15
相模原市南区,下溝,14153 ,16
相模原市南区,新戸,14153 ,17
相模原市南区,相南,14153 ,18
相模原市南区,相武台,14153 ,19
相模原市南区,相武台団地,14153 ,20
相模原市南区,当麻,14153 ,21
相模原市南区,西大沼,14153 ,22
相模原市南区,東大沼,14153 ,23
相模原市南区,東林間,14153 ,24
相模原市南区,双葉,14153 ,25
相模原市南区,文京,14153 ,26
相模原市南区,松が枝町,14153 ,27
相模原市南区,御園,14153 ,28
相模原市南区,南台,14153 ,29
相模原市南区,豊町,14153 ,30
相模原市南区,若松,14153 ,31
横須賀市,秋谷,14201 ,1
横須賀市,芦名,14201 ,2
横須賀市,阿部倉,14201 ,3
横須賀市,粟田,14201 ,4
横須賀市,安針台,14201 ,5
横須賀市,池上,14201 ,6
横須賀市,池田町,14201 ,7
横須賀市,稲岡町,14201 ,8
横須賀市,不入斗町,14201 ,9
横須賀市,岩戸,14201 ,10
横須賀市,内川,14201 ,11
横須賀市,内川新田,14201 ,12
横須賀市,浦賀,14201 ,13
横須賀市,浦賀丘,14201 ,14
横須賀市,浦上台,14201 ,15
横須賀市,浦郷町,14201 ,16
横須賀市,上町,14201 ,17
横須賀市,太田和,14201 ,18
横須賀市,大滝町,14201 ,19
横須賀市,大津町,14201 ,20
横須賀市,大矢部,14201 ,21
横須賀市,小川町,14201 ,22
横須賀市,荻野,14201 ,23
横須賀市,追浜東町,14201 ,24
横須賀市,追浜南町,14201 ,25
横須賀市,追浜本町,14201 ,26
横須賀市,追浜町,14201 ,27
横須賀市,小原台,14201 ,28
横須賀市,金谷,14201 ,29
横須賀市,鴨居,14201 ,30
横須賀市,衣笠栄町,14201 ,31
横須賀市,衣笠町,14201 ,32
横須賀市,公郷町,14201 ,33
横須賀市,久比里,14201 ,34
横須賀市,久村,14201 ,35
横須賀市,久里浜,14201 ,36
横須賀市,久里浜台,14201 ,37
横須賀市,グリーンハイツ,14201 ,38
横須賀市,光風台,14201 ,39
横須賀市,子安,14201 ,40
横須賀市,小矢部,14201 ,41
横須賀市,坂本町,14201 ,42
横須賀市,桜が丘,14201 ,43
横須賀市,佐島,14201 ,44
横須賀市,佐島の丘,14201 ,45
横須賀市,佐野町,14201 ,46
横須賀市,佐原,14201 ,47
横須賀市,汐入町,14201 ,48
横須賀市,汐見台,14201 ,49
横須賀市,湘南国際村,14201 ,50
横須賀市,湘南鷹取,14201 ,51
横須賀市,神明町,14201 ,52
横須賀市,須軽谷,14201 ,53
横須賀市,田浦泉町,14201 ,54
横須賀市,田浦大作町,14201 ,55
横須賀市,田浦港町,14201 ,56
横須賀市,田浦町,14201 ,57
横須賀市,鷹取,14201 ,58
横須賀市,武,14201 ,59
横須賀市,田戸台,14201 ,60
横須賀市,津久井,14201 ,61
横須賀市,鶴が丘,14201 ,62
横須賀市,泊町,14201 ,63
横須賀市,長井,14201 ,64
横須賀市,長浦町,14201 ,65
横須賀市,長坂,14201 ,66
横須賀市,長沢,14201 ,67
横須賀市,長瀬,14201 ,68
横須賀市,夏島町,14201 ,69
横須賀市,西浦賀,14201 ,70
横須賀市,西逸見町,14201 ,71
横須賀市,根岸町,14201 ,72
横須賀市,野比,14201 ,73
横須賀市,ハイランド,14201 ,74
横須賀市,走水,14201 ,75
横須賀市,浜見台,14201 ,76
横須賀市,林,14201 ,77
横須賀市,東浦賀,14201 ,78
横須賀市,東逸見町,14201 ,79
横須賀市,光の丘,14201 ,80
横須賀市,日の出町,14201 ,81
横須賀市,平作,14201 ,82
横須賀市,深田台,14201 ,83
横須賀市,富士見町,14201 ,84
横須賀市,二葉,14201 ,85
横須賀市,舟倉,14201 ,86
横須賀市,船越町,14201 ,87
横須賀市,平成町,14201 ,88
横須賀市,平和台,14201 ,89
横須賀市,逸見が丘,14201 ,90
横須賀市,望洋台,14201 ,91
横須賀市,本町,14201 ,92
横須賀市,馬堀海岸,14201 ,93
横須賀市,馬堀町,14201 ,94
横須賀市,緑が丘,14201 ,95
横須賀市,港が丘,14201 ,96
横須賀市,南浦賀,14201 ,97
横須賀市,三春町,14201 ,98
横須賀市,御幸浜,14201 ,99
横須賀市,森崎,14201 ,100
横須賀市,安浦町,14201 ,101
横須賀市,山科台,14201 ,102
横須賀市,山中町,14201 ,103
横須賀市,吉井,14201 ,104
横須賀市,吉倉町,14201 ,105
横須賀市,米が浜通,14201 ,106
横須賀市,若松町,14201 ,107
横須賀市,若宮台,14201 ,108
平塚市,明石町,14203 ,1
平塚市,天沼,14203 ,2
平塚市,飯島,14203 ,3
平塚市,出縄,14203 ,4
平塚市,入野,14203 ,5
平塚市,榎木町,14203 ,6
平塚市,老松町,14203 ,7
平塚市,追分,14203 ,8
平塚市,大神,14203 ,9
平塚市,大島,14203 ,10
平塚市,大原,14203 ,11
平塚市,岡崎,14203 ,12
平塚市,片岡,14203 ,13
平塚市,上吉沢,14203 ,14
平塚市,上平塚,14203 ,15
平塚市,北金目,14203 ,16
平塚市,北豊田,14203 ,17
平塚市,城所,14203 ,18
平塚市,公所,14203 ,19
平塚市,久領堤,14203 ,20
平塚市,黒部丘,14203 ,21
平塚市,河内,14203 ,22
平塚市,御殿,14203 ,23
平塚市,小鍋島,14203 ,24
平塚市,幸町,14203 ,25
平塚市,桜ヶ丘,14203 ,26
平塚市,真田,14203 ,27
平塚市,四之宮,14203 ,28
平塚市,下吉沢,14203 ,29
平塚市,下島,14203 ,30
平塚市,新町,14203 ,31
平塚市,須賀,14203 ,32
平塚市,菫平,14203 ,33
平塚市,諏訪町,14203 ,34
平塚市,浅間町,14203 ,35
平塚市,千石河岸,14203 ,36
平塚市,千須谷,14203 ,37
平塚市,袖ヶ浜,14203 ,38
平塚市,代官町,14203 ,39
平塚市,高根,14203 ,40
平塚市,高浜台,14203 ,41
平塚市,高村,14203 ,42
平塚市,宝町,14203 ,43
平塚市,立野町,14203 ,44
平塚市,田村,14203 ,45
平塚市,達上ヶ丘,14203 ,46
平塚市,土屋,14203 ,47
平塚市,堤町,14203 ,48
平塚市,寺田縄,14203 ,49
平塚市,唐ヶ原,14203 ,50
平塚市,徳延,14203 ,51
平塚市,豊田打間木,14203 ,52
平塚市,豊田小嶺,14203 ,53
平塚市,豊田平等寺,14203 ,54
平塚市,豊田本郷,14203 ,55
平塚市,豊田宮下,14203 ,56
平塚市,豊原町,14203 ,57
平塚市,中里,14203 ,58
平塚市,中堂,14203 ,59
平塚市,長瀞,14203 ,60
平塚市,中原,14203 ,61
平塚市,中原下宿,14203 ,62
平塚市,長持,14203 ,63
平塚市,撫子原,14203 ,64
平塚市,虹ヶ浜,14203 ,65
平塚市,錦町,14203 ,66
平塚市,西真土,14203 ,67
平塚市,西八幡,14203 ,68
平塚市,根坂間,14203 ,69
平塚市,花水台,14203 ,70
平塚市,馬入,14203 ,71
平塚市,馬入本町,14203 ,72
平塚市,東真土,14203 ,73
平塚市,東豊田,14203 ,74
平塚市,東中原,14203 ,75
平塚市,東八幡,14203 ,76
平塚市,日向岡,14203 ,77
平塚市,平塚,14203 ,78
平塚市,広川,14203 ,79
平塚市,富士見町,14203 ,80
平塚市,ふじみ野,14203 ,81
平塚市,札場町,14203 ,82
平塚市,紅谷町,14203 ,83
平塚市,松風町,14203 ,84
平塚市,纒,14203 ,85
平塚市,万田,14203 ,86
平塚市,見附町,14203 ,87
平塚市,南金目,14203 ,88
平塚市,南豊田,14203 ,89
平塚市,南原,14203 ,90
平塚市,宮の前,14203 ,91
平塚市,宮松町,14203 ,92
平塚市,めぐみが丘,14203 ,93
平塚市,桃浜町,14203 ,94
平塚市,八重咲町,14203 ,95
平塚市,八千代町,14203 ,96
平塚市,山下,14203 ,97
平塚市,夕陽ヶ丘,14203 ,98
平塚市,横内,14203 ,99
平塚市,吉際,14203 ,100
平塚市,龍城ヶ丘,14203 ,101
鎌倉市,十二所,14204 ,1
鎌倉市,浄明寺,14204 ,2
鎌倉市,二階堂,14204 ,3
鎌倉市,西御門,14204 ,4
鎌倉市,雪ノ下,14204 ,5
鎌倉市,扇ｶﾞ谷,14204 ,6
鎌倉市,小町,14204 ,7
鎌倉市,大町,14204 ,8
鎌倉市,材木座,14204 ,9
鎌倉市,由比ヶ浜,14204 ,10
鎌倉市,御成町,14204 ,11
鎌倉市,笹目町,14204 ,12
鎌倉市,佐助,14204 ,13
鎌倉市,長谷,14204 ,14
鎌倉市,坂ノ下,14204 ,15
鎌倉市,極楽寺,14204 ,16
鎌倉市,稲村ｶﾞ崎,14204 ,17
鎌倉市,腰越,14204 ,18
鎌倉市,津,14204 ,19
鎌倉市,西鎌倉,14204 ,20
鎌倉市,七里ｶﾞ浜東,14204 ,21
鎌倉市,津西,14204 ,22
鎌倉市,七里ｶﾞ浜,14204 ,23
鎌倉市,梶原,14204 ,24
鎌倉市,寺分,14204 ,25
鎌倉市,山崎,14204 ,26
鎌倉市,上町屋,14204 ,27
鎌倉市,手広,14204 ,28
鎌倉市,笛田,14204 ,29
鎌倉市,常盤,14204 ,30
鎌倉市,鎌倉山,14204 ,33
鎌倉市,山ノ内,14204 ,36
鎌倉市,台,14204 ,37
鎌倉市,小袋谷,14204 ,38
鎌倉市,大船,14204 ,39
鎌倉市,岩瀬,14204 ,40
鎌倉市,岡本,14204 ,41
鎌倉市,玉縄,14204 ,42
鎌倉市,植木,14204 ,43
鎌倉市,城廻,14204 ,44
鎌倉市,関谷,14204 ,45
鎌倉市,今泉,14204 ,46
鎌倉市,今泉台,14204 ,47
鎌倉市,高野,14204 ,48
藤沢市,朝日町,14205 ,1
藤沢市,石川,14205 ,2
藤沢市,稲荷,14205 ,3
藤沢市,今田,14205 ,4
藤沢市,打戻,14205 ,5
藤沢市,江の島,14205 ,6
藤沢市,円行,14205 ,7
藤沢市,遠藤,14205 ,8
藤沢市,大庭,14205 ,9
藤沢市,獺郷,14205 ,10
藤沢市,片瀬,14205 ,11
藤沢市,片瀬海岸,14205 ,12
藤沢市,片瀬目白山,14205 ,13
藤沢市,片瀬山,14205 ,14
藤沢市,亀井野,14205 ,15
藤沢市,柄沢,14205 ,16
藤沢市,川名,14205 ,17
藤沢市,桐原町,14205 ,18
藤沢市,鵠沼,14205 ,19
藤沢市,鵠沼石上,14205 ,20
藤沢市,鵠沼海岸,14205 ,21
藤沢市,鵠沼桜が岡,14205 ,22
藤沢市,鵠沼神明,14205 ,23
藤沢市,鵠沼橘,14205 ,24
藤沢市,鵠沼花沢町,14205 ,25
藤沢市,鵠沼東,14205 ,26
藤沢市,鵠沼藤が谷,14205 ,27
藤沢市,鵠沼松が岡,14205 ,28
藤沢市,葛原,14205 ,29
藤沢市,小塚,14205 ,30
藤沢市,下土棚,14205 ,31
藤沢市,城南,14205 ,32
藤沢市,湘南台,14205 ,33
藤沢市,菖蒲沢,14205 ,34
藤沢市,白旗,14205 ,35
藤沢市,善行,14205 ,36
藤沢市,善行坂,14205 ,37
藤沢市,善行団地,14205 ,38
藤沢市,大鋸,14205 ,39
藤沢市,高倉,14205 ,40
藤沢市,高谷,14205 ,41
藤沢市,立石,14205 ,42
藤沢市,長後,14205 ,43
藤沢市,辻堂,14205 ,44
藤沢市,辻堂神台,14205 ,45
藤沢市,辻堂新町,14205 ,46
藤沢市,辻堂太平台,14205 ,47
藤沢市,辻堂西海岸,14205 ,48
藤沢市,辻堂東海岸,14205 ,49
藤沢市,辻堂元町,14205 ,50
藤沢市,土棚,14205 ,51
藤沢市,天神町,14205 ,52
藤沢市,西富,14205 ,53
藤沢市,西俣野,14205 ,54
藤沢市,羽鳥,14205 ,55
藤沢市,花の木,14205 ,56
藤沢市,藤が岡,14205 ,57
藤沢市,藤沢,14205 ,58
藤沢市,本鵠沼,14205 ,59
藤沢市,本藤沢,14205 ,60
藤沢市,本町,14205 ,61
藤沢市,みその台,14205 ,62
藤沢市,南藤沢,14205 ,63
藤沢市,宮原,14205 ,64
藤沢市,宮前,14205 ,65
藤沢市,弥勒寺,14205 ,66
藤沢市,村岡東,14205 ,67
藤沢市,用田,14205 ,68
藤沢市,渡内,14205 ,69
藤沢市,並木台,14205 ,70
小田原市,石橋,14206 ,1
小田原市,米神,14206 ,2
小田原市,根府川,14206 ,3
小田原市,江之浦,14206 ,4
小田原市,早川,14206 ,5
小田原市,板橋,14206 ,6
小田原市,南板橋,14206 ,7
小田原市,風祭,14206 ,8
小田原市,入生田,14206 ,9
小田原市,水之尾,14206 ,10
小田原市,栄町,14206 ,11
小田原市,中町,14206 ,12
小田原市,浜町,14206 ,13
小田原市,本町,14206 ,14
小田原市,城内,14206 ,15
小田原市,南町,14206 ,16
小田原市,寿町,14206 ,17
小田原市,東町,14206 ,18
小田原市,城山,14206 ,19
小田原市,扇町,14206 ,20
小田原市,十字,14206 ,21
小田原市,荻窪,14206 ,22
小田原市,緑,14206 ,23
小田原市,谷津,14206 ,24
小田原市,池上,14206 ,25
小田原市,井細田,14206 ,26
小田原市,多古,14206 ,27
小田原市,久野,14206 ,28
小田原市,蓮正寺,14206 ,29
小田原市,中曽根,14206 ,30
小田原市,飯田岡,14206 ,31
小田原市,堀之内,14206 ,32
小田原市,柳新田,14206 ,33
小田原市,小台,14206 ,34
小田原市,新屋,14206 ,35
小田原市,府川,14206 ,36
小田原市,北ノ窪,14206 ,37
小田原市,清水新田,14206 ,38
小田原市,穴部,14206 ,39
小田原市,穴部新田,14206 ,40
小田原市,曽比,14206 ,41
小田原市,栢山,14206 ,42
小田原市,下堀,14206 ,43
小田原市,中里,14206 ,44
小田原市,矢作,14206 ,45
小田原市,鴨宮,14206 ,46
小田原市,上新田,14206 ,47
小田原市,中新田,14206 ,48
小田原市,下新田,14206 ,49
小田原市,南鴨宮,14206 ,50
小田原市,国府津,14206 ,51
小田原市,田島,14206 ,52
小田原市,酒匂,14206 ,53
小田原市,西酒匂,14206 ,54
小田原市,小八幡,14206 ,55
小田原市,飯泉,14206 ,56
小田原市,成田,14206 ,57
小田原市,桑原,14206 ,58
小田原市,別堀,14206 ,59
小田原市,高田,14206 ,60
小田原市,千代,14206 ,61
小田原市,永塚,14206 ,62
小田原市,東大友,14206 ,63
小田原市,西大友,14206 ,64
小田原市,延清,14206 ,65
小田原市,曽我原,14206 ,66
小田原市,曽我谷津,14206 ,67
小田原市,曽我別所,14206 ,68
小田原市,曽我岸,14206 ,69
小田原市,曽我光海,14206 ,70
小田原市,上曽我,14206 ,71
小田原市,下大井,14206 ,72
小田原市,鬼柳,14206 ,73
小田原市,曽我大沢,14206 ,74
小田原市,前川,14206 ,75
小田原市,羽根尾,14206 ,76
小田原市,中村原,14206 ,77
小田原市,東ケ丘,14206 ,78
小田原市,上町,14206 ,79
小田原市,小船,14206 ,80
小田原市,山西,14206 ,81
小田原市,沼代,14206 ,82
小田原市,小竹,14206 ,83
小田原市,川匂,14206 ,84
茅ヶ崎市,茅ヶ崎,14207 ,1
茅ヶ崎市,元町,14207 ,2
茅ヶ崎市,若松町,14207 ,3
茅ヶ崎市,幸町,14207 ,4
茅ヶ崎市,新栄町,14207 ,5
茅ヶ崎市,本村,14207 ,6
茅ヶ崎市,十間坂,14207 ,7
茅ヶ崎市,共恵,14207 ,8
茅ヶ崎市,下町屋,14207 ,9
茅ヶ崎市,浜之郷,14207 ,10
茅ヶ崎市,矢畑,14207 ,11
茅ヶ崎市,円蔵,14207 ,12
茅ヶ崎市,西久保,14207 ,13
茅ヶ崎市,今宿,14207 ,14
茅ヶ崎市,平太夫新田,14207 ,15
茅ヶ崎市,萩園,14207 ,16
茅ヶ崎市,中海岸,14207 ,17
茅ヶ崎市,東海岸北,14207 ,18
茅ヶ崎市,東海岸南,14207 ,19
茅ヶ崎市,南湖,14207 ,20
茅ヶ崎市,中島,14207 ,21
茅ヶ崎市,松尾,14207 ,22
茅ヶ崎市,柳島,14207 ,23
茅ヶ崎市,柳島海岸,14207 ,24
茅ヶ崎市,浜見平,14207 ,25
茅ヶ崎市,浜竹,14207 ,26
茅ヶ崎市,松浪,14207 ,27
茅ヶ崎市,出口町,14207 ,28
茅ヶ崎市,ひばりが丘,14207 ,29
茅ヶ崎市,美住町,14207 ,30
茅ヶ崎市,常盤町,14207 ,31
茅ヶ崎市,富士見町,14207 ,32
茅ヶ崎市,汐見台,14207 ,33
茅ヶ崎市,緑が浜,14207 ,34
茅ヶ崎市,旭が丘,14207 ,35
茅ヶ崎市,松が丘,14207 ,36
茅ヶ崎市,平和町,14207 ,37
茅ヶ崎市,菱沼海岸,14207 ,38
茅ヶ崎市,浜須賀,14207 ,39
茅ヶ崎市,白浜町,14207 ,40
茅ヶ崎市,赤羽根,14207 ,41
茅ヶ崎市,高田,14207 ,42
茅ヶ崎市,室田,14207 ,43
茅ヶ崎市,菱沼,14207 ,44
茅ヶ崎市,松林,14207 ,45
茅ヶ崎市,代官町,14207 ,46
茅ヶ崎市,本宿町,14207 ,47
茅ヶ崎市,赤松町,14207 ,48
茅ヶ崎市,小桜町,14207 ,49
茅ヶ崎市,小和田,14207 ,50
茅ヶ崎市,鶴が台,14207 ,51
茅ヶ崎市,松風台,14207 ,52
茅ヶ崎市,香川,14207 ,53
茅ヶ崎市,甘沼,14207 ,54
茅ヶ崎市,みずき,14207 ,55
茅ヶ崎市,堤,14207 ,56
茅ヶ崎市,芹沢,14207 ,57
茅ヶ崎市,行谷,14207 ,58
茅ヶ崎市,下寺尾,14207 ,59
逗子市,久木,14208 ,11
逗子市,山の根,14208 ,21
逗子市,池子,14208 ,31
逗子市,沼間,14208 ,41
逗子市,桜山,14208 ,51
逗子市,逗子,14208 ,61
逗子市,新宿,14208 ,71
逗子市,小坪,14208 ,81
三浦市,三崎,14210 ,1
三浦市,城山町,14210 ,6
三浦市,東岡町,14210 ,7
三浦市,白石町,14210 ,8
三浦市,海外町,14210 ,9
三浦市,天神町,14210 ,10
三浦市,栄町,14210 ,11
三浦市,原町,14210 ,12
三浦市,岬陽町,14210 ,13
三浦市,宮川町,14210 ,14
三浦市,諏訪町,14210 ,15
三浦市,向ヶ崎町,14210 ,16
三浦市,晴海町,14210 ,17
三浦市,尾上町,14210 ,18
三浦市,三崎町六合,14210 ,19
三浦市,三崎町諸磯,14210 ,20
三浦市,三崎町小網代,14210 ,21
三浦市,三崎町城ヶ島,14210 ,22
三浦市,南下浦町上宮田,14210 ,23
三浦市,南下浦町菊名,14210 ,24
三浦市,南下浦町金田,14210 ,25
三浦市,南下浦町松輪,14210 ,26
三浦市,南下浦町毘沙門,14210 ,27
三浦市,初声町三戸,14210 ,28
三浦市,初声町下宮田,14210 ,29
三浦市,初声町入江,14210 ,30
三浦市,初声町高円坊,14210 ,31
三浦市,初声町和田,14210 ,32
秦野市,今泉,14211 ,1
秦野市,今泉台,14211 ,2
秦野市,今川町,14211 ,3
秦野市,入船町,14211 ,4
秦野市,尾尻,14211 ,5
秦野市,落合,14211 ,6
秦野市,春日町,14211 ,7
秦野市,上今川町,14211 ,8
秦野市,上大槻,14211 ,9
秦野市,河原町,14211 ,10
秦野市,北矢名,14211 ,11
秦野市,寿町,14211 ,12
秦野市,小蓑毛,14211 ,13
秦野市,幸町,14211 ,14
秦野市,栄町,14211 ,15
秦野市,桜町,14211 ,16
秦野市,三屋,14211 ,17
秦野市,渋沢,14211 ,18
秦野市,渋沢上,14211 ,19
秦野市,清水町,14211 ,20
秦野市,下大槻,14211 ,21
秦野市,下落合,14211 ,22
秦野市,菖蒲,14211 ,23
秦野市,新町,14211 ,24
秦野市,水神町,14211 ,25
秦野市,末広町,14211 ,26
秦野市,鈴張町,14211 ,27
秦野市,曽屋,14211 ,28
秦野市,大秦町,14211 ,29
秦野市,立野台,14211 ,30
秦野市,千村,14211 ,31
秦野市,鶴巻,14211 ,32
秦野市,鶴巻北,14211 ,33
秦野市,鶴巻南,14211 ,34
秦野市,寺山,14211 ,35
秦野市,戸川,14211 ,36
秦野市,栃窪,14211 ,37
秦野市,名古木,14211 ,38
秦野市,並木町,14211 ,39
秦野市,西大竹,14211 ,40
秦野市,西田原,14211 ,41
秦野市,沼代新町,14211 ,42
秦野市,萩が丘,14211 ,43
秦野市,八沢,14211 ,44
秦野市,羽根,14211 ,45
秦野市,東田原,14211 ,46
秦野市,ひばりケ丘,14211 ,47
秦野市,平沢,14211 ,48
秦野市,富士見町,14211 ,49
秦野市,文京町,14211 ,50
秦野市,菩提,14211 ,51
秦野市,堀川,14211 ,52
秦野市,堀西,14211 ,53
秦野市,堀山下,14211 ,54
秦野市,本町,14211 ,55
秦野市,曲松,14211 ,56
秦野市,松原町,14211 ,57
秦野市,三廻部,14211 ,58
秦野市,緑町,14211 ,59
秦野市,南が丘,14211 ,60
秦野市,南矢名,14211 ,61
秦野市,蓑毛,14211 ,62
秦野市,室町,14211 ,63
秦野市,元町,14211 ,64
秦野市,柳川,14211 ,65
秦野市,柳町,14211 ,66
秦野市,弥生町,14211 ,67
秦野市,横野,14211 ,68
秦野市,若松町,14211 ,69
厚木市,松枝,14212 ,100
厚木市,元町,14212 ,110
厚木市,東町,14212 ,120
厚木市,寿町,14212 ,130
厚木市,水引,14212 ,140
厚木市,厚木町,14212 ,150
厚木市,中町,14212 ,160
厚木市,栄町,14212 ,170
厚木市,田村町,14212 ,180
厚木市,幸町,14212 ,190
厚木市,泉町,14212 ,200
厚木市,厚木,14212 ,205
厚木市,旭町,14212 ,210
厚木市,吾妻町,14212 ,220
厚木市,南町,14212 ,225
厚木市,上依知,14212 ,230
厚木市,猿ヶ島,14212 ,240
厚木市,山際,14212 ,250
厚木市,関口,14212 ,260
厚木市,中依知,14212 ,270
厚木市,下依知,14212 ,280
厚木市,金田,14212 ,290
厚木市,下川入,14212 ,300
厚木市,棚沢,14212 ,310
厚木市,三田,14212 ,320
厚木市,三田南,14212 ,321
厚木市,及川,14212 ,330
厚木市,林,14212 ,340
厚木市,妻田,14212 ,350
厚木市,妻田北,14212 ,351
厚木市,王子,14212 ,360
厚木市,妻田南,14212 ,370
厚木市,妻田東,14212 ,380
厚木市,妻田西,14212 ,390
厚木市,上荻野,14212 ,400
厚木市,まつかげ台,14212 ,401
厚木市,みはる野,14212 ,402
厚木市,中荻野,14212 ,410
厚木市,下荻野,14212 ,420
厚木市,鳶尾,14212 ,430
厚木市,飯山,14212 ,440
厚木市,上古沢,14212 ,450
厚木市,下古沢,14212 ,460
厚木市,宮の里,14212 ,470
厚木市,戸室,14212 ,500
厚木市,恩名,14212 ,510
厚木市,愛名,14212 ,520
厚木市,温水,14212 ,530
厚木市,温水西,14212 ,531
厚木市,長谷,14212 ,540
厚木市,船子,14212 ,550
厚木市,愛甲,14212 ,560
厚木市,愛甲東,14212 ,561
厚木市,愛甲西,14212 ,562
厚木市,毛利台,14212 ,570
厚木市,七沢,14212 ,600
厚木市,小野,14212 ,610
厚木市,岡津古久,14212 ,620
厚木市,岡田,14212 ,630
厚木市,酒井,14212 ,640
厚木市,戸田,14212 ,650
厚木市,下津古久,14212 ,660
厚木市,上落合,14212 ,670
厚木市,長沼,14212 ,680
厚木市,緑ヶ丘,14212 ,700
厚木市,森の里,14212 ,800
大和市,下鶴間,14213 ,1
大和市,つきみ野,14213 ,2
大和市,中央林間,14213 ,3
大和市,中央林間西,14213 ,4
大和市,南林間,14213 ,5
大和市,林間,14213 ,6
大和市,鶴間,14213 ,7
大和市,西鶴間,14213 ,8
大和市,深見,14213 ,9
大和市,深見西,14213 ,10
大和市,深見東,14213 ,11
大和市,深見台,14213 ,12
大和市,大和東,14213 ,13
大和市,大和南,14213 ,14
大和市,上草柳,14213 ,15
大和市,桜森,14213 ,16
大和市,中央,14213 ,17
大和市,草柳,14213 ,18
大和市,下草柳,14213 ,19
大和市,柳橋,14213 ,20
大和市,福田,14213 ,21
大和市,代官,14213 ,22
大和市,渋谷,14213 ,23
大和市,上和田,14213 ,24
大和市,下和田,14213 ,25
伊勢原市,粟窪,14214 ,1
伊勢原市,伊勢原,14214 ,2
伊勢原市,岡崎,14214 ,3
伊勢原市,下糟屋,14214 ,4
伊勢原市,下谷,14214 ,5
伊勢原市,下平間,14214 ,6
伊勢原市,下落合,14214 ,8
伊勢原市,歌川,14214 ,9
伊勢原市,笠窪,14214 ,10
伊勢原市,串橋,14214 ,11
伊勢原市,見附島,14214 ,12
伊勢原市,高森,14214 ,13
伊勢原市,高森台,14214 ,15
伊勢原市,桜台,14214 ,16
伊勢原市,三ノ宮,14214 ,17
伊勢原市,子易,14214 ,20
伊勢原市,小稲葉,14214 ,21
伊勢原市,沼目,14214 ,22
伊勢原市,上谷,14214 ,26
伊勢原市,上粕屋,14214 ,27
伊勢原市,上平間,14214 ,28
伊勢原市,神戸,14214 ,29
伊勢原市,西富岡,14214 ,30
伊勢原市,石田,14214 ,31
伊勢原市,善波,14214 ,32
伊勢原市,大山,14214 ,33
伊勢原市,大住台,14214 ,34
伊勢原市,池端,14214 ,35
伊勢原市,坪ノ内,14214 ,37
伊勢原市,田中,14214 ,38
伊勢原市,東成瀬,14214 ,39
伊勢原市,東大竹,14214 ,40
伊勢原市,東富岡,14214 ,42
伊勢原市,日向,14214 ,43
伊勢原市,白根,14214 ,44
伊勢原市,八幡台,14214 ,45
伊勢原市,板戸,14214 ,46
伊勢原市,鈴川,14214 ,47
海老名市,大谷,14215 ,2
海老名市,国分寺台,14215 ,3
海老名市,中新田,14215 ,4
海老名市,さつき町,14215 ,5
海老名市,河原口,14215 ,6
海老名市,上郷,14215 ,7
海老名市,下今泉,14215 ,8
海老名市,上今泉,14215 ,9
海老名市,柏ケ谷,14215 ,10
海老名市,東柏ケ谷,14215 ,11
海老名市,望地,14215 ,12
海老名市,勝瀬,14215 ,13
海老名市,中河内,14215 ,14
海老名市,中野,14215 ,15
海老名市,社家,14215 ,16
海老名市,今里,14215 ,17
海老名市,上河内,14215 ,18
海老名市,本郷,14215 ,20
海老名市,門沢橋,14215 ,21
海老名市,浜田町,14215 ,22
海老名市,中央,14215 ,23
海老名市,国分南,14215 ,24
海老名市,国分北,14215 ,25
海老名市,大谷南,14215 ,26
海老名市,大谷北,14215 ,27
海老名市,杉久保,14215 ,28
海老名市,杉久保南,14215 ,29
海老名市,杉久保北,14215 ,30
海老名市,扇町,14215 ,31
海老名市,泉,14215 ,32
海老名市,めぐみ町,14215 ,33
座間市,栗原,14216 ,1
座間市,相模が丘,14216 ,2
座間市,四ツ谷,14216 ,3
座間市,新田宿,14216 ,4
座間市,立野台,14216 ,5
座間市,緑ケ丘,14216 ,6
座間市,明王,14216 ,7
座間市,広野台,14216 ,8
座間市,小松原,14216 ,9
座間市,座間,14216 ,10
座間市,相武台,14216 ,11
座間市,ひばりが丘,14216 ,13
座間市,東原,14216 ,14
座間市,さがみ野,14216 ,15
座間市,南栗原,14216 ,16
座間市,栗原中央,14216 ,17
座間市,西栗原,14216 ,18
座間市,入谷西,14216 ,19
座間市,入谷東,14216 ,20
南足柄市,中沼,14217 ,1
南足柄市,狩野,14217 ,2
南足柄市,飯沢,14217 ,3
南足柄市,大雄町,14217 ,4
南足柄市,広町,14217 ,5
南足柄市,関本,14217 ,6
南足柄市,向田,14217 ,7
南足柄市,雨坪,14217 ,8
南足柄市,福泉,14217 ,9
南足柄市,弘西寺,14217 ,10
南足柄市,苅野,14217 ,11
南足柄市,和田河原,14217 ,12
南足柄市,駒形新宿,14217 ,13
南足柄市,生駒,14217 ,14
南足柄市,塚原,14217 ,15
南足柄市,岩原,14217 ,16
南足柄市,沼田,14217 ,17
南足柄市,三竹,14217 ,18
南足柄市,斑目,14217 ,19
南足柄市,千津島,14217 ,20
南足柄市,壗下,14217 ,21
南足柄市,竹松,14217 ,22
南足柄市,怒田,14217 ,23
南足柄市,内山,14217 ,24
南足柄市,矢倉沢,14217 ,25
南足柄市,小市,14217 ,26
南足柄市,北窪,14217 ,27
綾瀬市,深谷,14218 ,1
綾瀬市,深谷中,14218 ,2
綾瀬市,深谷南,14218 ,3
綾瀬市,深谷上,14218 ,4
綾瀬市,落合北,14218 ,5
綾瀬市,落合南,14218 ,6
綾瀬市,蓼川,14218 ,7
綾瀬市,大上,14218 ,8
綾瀬市,寺尾北,14218 ,9
綾瀬市,寺尾台,14218 ,10
綾瀬市,寺尾中,14218 ,11
綾瀬市,寺尾釜田,14218 ,12
綾瀬市,寺尾西,14218 ,13
綾瀬市,寺尾本町,14218 ,14
綾瀬市,寺尾南,14218 ,15
綾瀬市,小園,14218 ,16
綾瀬市,小園南,14218 ,17
綾瀬市,早川,14218 ,18
綾瀬市,早川城山,14218 ,19
綾瀬市,吉岡,14218 ,20
綾瀬市,吉岡東,14218 ,21
綾瀬市,上土棚北,14218 ,22
綾瀬市,上土棚南,14218 ,23
綾瀬市,上土棚中,14218 ,24
綾瀬市,本蓼川,14218 ,25
綾瀬市,綾西,14218 ,27
三浦郡葉山町,一色,14301 ,10
三浦郡葉山町,上山口,14301 ,20
三浦郡葉山町,木古庭,14301 ,30
三浦郡葉山町,下山口,14301 ,40
三浦郡葉山町,長柄,14301 ,50
三浦郡葉山町,堀内,14301 ,60
高座郡寒川町,田端,14321 ,1
高座郡寒川町,一之宮,14321 ,2
高座郡寒川町,中瀬,14321 ,3
高座郡寒川町,大曲,14321 ,4
高座郡寒川町,岡田,14321 ,5
高座郡寒川町,大蔵,14321 ,6
高座郡寒川町,小谷,14321 ,7
高座郡寒川町,小動,14321 ,8
高座郡寒川町,宮山,14321 ,9
高座郡寒川町,倉見,14321 ,10
中郡大磯町,大磯町全域,14341 ,1
中郡二宮町,二宮町全域,14342 ,1
足柄上郡中井町,中井町全域,14361 ,1
足柄上郡大井町,篠窪,14362 ,1
足柄上郡大井町,柳,14362 ,2
足柄上郡大井町,高尾,14362 ,3
足柄上郡大井町,赤田,14362 ,4
足柄上郡大井町,山田,14362 ,5
足柄上郡大井町,金子,14362 ,6
足柄上郡大井町,金手,14362 ,7
足柄上郡大井町,西大井,14362 ,8
足柄上郡大井町,上大井,14362 ,9
足柄上郡大井町,大井中央,14362 ,10
足柄上郡松田町,寄,14363 ,1
足柄上郡松田町,松田庶子,14363 ,2
足柄上郡松田町,松田惣領,14363 ,3
足柄上郡松田町,神山,14363 ,4
足柄上郡山北町,山北町全域,14364 ,1
足柄上郡開成町,開成町全域,14366 ,1
足柄下郡箱根町,箱根町全域,14382 ,1
足柄下郡真鶴町,真鶴町全域,14383 ,28
足柄下郡湯河原町,湯河原町全域,14384 ,1
愛川町,愛川町全域,14401 ,1
愛甲郡清川村,清川村全域,14402 ,1
